2000;2010;2020;2030;2040;2050;2060;2070;2080;2090;2100;2110;2120;2130;2140;2150;2160;2170;2180;2190
3000;3010;3020;3030;3040;3050;3060;3070;3080;3090;3100;3110;3120;3130;3140;3150;3160;3170;3180;3190
4000;4010;4020;4030;4040;4050;4060;4070;4080;4090;4100;4110;4120;4130;4140;4150;4160;4170;4180;4190
5000;5010;5020;5030;5040;5050;5060;5070;5080;5090;5100;5110;5120;5130;5140;5150;5160;5170;5180;5190
6000;6010;6020;6030;6040;6050;6060;6070;6080;6090;6100;6110;6120;6130;6140;6150;6160;6170;6180;6190
7000;7010;7020;7030;7040;7050;7060;7070;7080;7090;7100;7110;7120;7130;7140;7150;7160;7170;7180;7190
8000;8010;8020;8030;8040;8050;8060;8070;8080;8090;8100;8110;8120;8130;8140;8150;8160;8170;8180;8190
9000;9010;9020;9030;9040;9050;9060;9070;9080;9090;9100;9110;9120;9130;9140;9150;9160;9170;9180;9190
10000;10010;10020;10030;10040;10050;10060;10070;10080;10090;10100;10110;10120;10130;10140;10150;10160;10170;10180;10190
11000;11010;11020;11030;11040;11050;11060;11070;11080;11090;11100;11110;11120;11130;11140;11150;11160;11170;11180;11190
2000;2010;2020;2030;2040;2050;2060;2070;2080;2090;2100;2110;2120;2130;2140;2150;2160;2170;2180;2190
3000;3010;3020;3030;3040;3050;3060;3070;3080;3090;3100;3110;3120;3130;3140;3150;3160;3170;3180;3190
4000;4010;4020;4030;4040;4050;4060;4070;4080;4090;4100;4110;4120;4130;4140;4150;4160;4170;4180;4190
5000;5010;5020;5030;5040;5050;5060;5070;5080;5090;5100;5110;5120;5130;5140;5150;5160;5170;5180;5190
6000;6010;6020;6030;6040;6050;6060;6070;6080;6090;6100;6110;6120;6130;6140;6150;6160;6170;6180;6190
7000;7010;7020;7030;7040;7050;7060;7070;7080;7090;7100;7110;7120;7130;7140;7150;7160;7170;7180;7190
8000;8010;8020;8030;8040;8050;8060;8070;8080;8090;8100;8110;8120;8130;8140;8150;8160;8170;8180;8190
9000;9010;9020;9030;9040;9050;9060;9070;9080;9090;9100;9110;9120;9130;9140;9150;9160;9170;9180;9190
10000;10010;10020;10030;10040;10050;10060;10070;10080;10090;10100;10110;10120;10130;10140;10150;10160;10170;10180;10190
11000;11010;11020;11030;11040;11050;11060;11070;11080;11090;11100;11110;11120;11130;11140;11150;11160;11170;11180;11190
2000;2010;2020;2030;2040;2050;2060;2070;2080;2090;2100;2110;2120;2130;2140;2150;2160;2170;2180;2190
3000;3010;3020;3030;3040;3050;3060;3070;3080;3090;3100;3110;3120;3130;3140;3150;3160;3170;3180;3190
4000;4010;4020;4030;4040;4050;4060;4070;4080;4090;4100;4110;4120;4130;4140;4150;4160;4170;4180;4190
5000;5010;5020;5030;5040;5050;5060;5070;5080;5090;5100;5110;5120;5130;5140;5150;5160;5170;5180;5190
6000;6010;6020;6030;6040;6050;6060;6070;6080;6090;6100;6110;6120;6130;6140;6150;6160;6170;6180;6190
7000;7010;7020;7030;7040;7050;7060;7070;7080;7090;7100;7110;7120;7130;7140;7150;7160;7170;7180;7190
8000;8010;8020;8030;8040;8050;8060;8070;8080;8090;8100;8110;8120;8130;8140;8150;8160;8170;8180;8190
9000;9010;9020;9030;9040;9050;9060;9070;9080;9090;9100;9110;9120;9130;9140;9150;9160;9170;9180;9190
10000;10010;10020;10030;10040;10050;10060;10070;10080;10090;10100;10110;10120;10130;10140;10150;10160;10170;10180;10190
11000;11010;11020;11030;11040;11050;11060;11070;11080;11090;11100;11110;11120;11130;11140;11150;11160;11170;11180;11190
2000;2010;2020;2030;2040;2050;2060;2070;2080;2090;2100;2110;2120;2130;2140;2150;2160;2170;2180;2190
3000;3010;3020;3030;3040;3050;3060;3070;3080;3090;3100;3110;3120;3130;3140;3150;3160;3170;3180;3190
4000;4010;4020;4030;4040;4050;4060;4070;4080;4090;4100;4110;4120;4130;4140;4150;4160;4170;4180;4190
5000;5010;5020;5030;5040;5050;5060;5070;5080;5090;5100;5110;5120;5130;5140;5150;5160;5170;5180;5190
6000;6010;6020;6030;6040;6050;6060;6070;6080;6090;6100;6110;6120;6130;6140;6150;6160;6170;6180;6190
7000;7010;7020;7030;7040;7050;7060;7070;7080;7090;7100;7110;7120;7130;7140;7150;7160;7170;7180;7190
8000;8010;8020;8030;8040;8050;8060;8070;8080;8090;8100;8110;8120;8130;8140;8150;8160;8170;8180;8190
9000;9010;9020;9030;9040;9050;9060;9070;9080;9090;9100;9110;9120;9130;9140;9150;9160;9170;9180;9190
10000;10010;10020;10030;10040;10050;10060;10070;10080;10090;10100;10110;10120;10130;10140;10150;10160;10170;10180;10190
11000;11010;11020;11030;11040;11050;11060;11070;11080;11090;11100;11110;11120;11130;11140;11150;11160;11170;11180;11190
2000;2010;2020;2030;2040;2050;2060;2070;2080;2090;2100;2110;2120;2130;2140;2150;2160;2170;2180;2190
3000;3010;3020;3030;3040;3050;3060;3070;3080;3090;3100;3110;3120;3130;3140;3150;3160;3170;3180;3190
4000;4010;4020;4030;4040;4050;4060;4070;4080;4090;4100;4110;4120;4130;4140;4150;4160;4170;4180;4190
5000;5010;5020;5030;5040;5050;5060;5070;5080;5090;5100;5110;5120;5130;5140;5150;5160;5170;5180;5190
6000;6010;6020;6030;6040;6050;6060;6070;6080;6090;6100;6110;6120;6130;6140;6150;6160;6170;6180;6190